Workbook

Sheet Sheet1
A1: ##var | B1: id | C1: name | D1: subrace | E1: ##亚种索引 | F1: level | G1: clasz | K1: expOnKilled | L1: max_hp | O1: attribute_preset | AB1: ##能力表索引 | AE1: item_preset1 | AK1: item_preset2 | AQ1: ##道具预设id索引 | BC1: knapsack_items
A2: ##type | B2: int | C2: string | D2: int#ref=Character.TbSubrace | F2: int | G2: map,Character.EmClass,int | K2: int | L2: Character.MaxHp | O2: Character.AttributePreset | AE2: Character.ActorItemPreset | AK2: Character.ActorItemPreset | BC2: map,(int#ref=Character.TbItem),float
A3: ##type | L3: $type | O3: abilityScores | U3: resistance | V3: armourClass | W3: movement | X3: initiative | Y3: abilities
A4: ##type | O4: Strength | P4: Dexterity | Q4: Constitution | R4: Intelligent | S4: Wisdom | T4: Charisma | AE4: MainHand | AF4: OffHand | AG4: Body | AH4: Artifacts | AK4: MainHand | AL4: OffHand | AM4: Body | AN4: Artifacts
A5: ## | B5: 唯一id | C5: 名称 | D5: 亚种 | F5: 角色等级 | G5: 职业 | H5: 等级 | I5: 职业 | J5: 等级 | K5: 击杀经验 | L5: 生命值类型 | M5: 加成 | O5: 力量 | P5: 敏捷 | Q5: 体质 | R5: 智力 | S5: 感知 | T5: 魅力 | U5: 伤害抗性 | V5: 护甲等级 | W5: 移动力 | X5: 先攻 | Y5: 能力表 | AE5: 主手装备 | AF5: 副手装备 | AG5: 身体装备 | AH5: 奇物 | AK5: 主手装备 | AL5: 副手装备 | AM5: 身体装备 | AN5: 奇物 | AQ5: 主手装备 | AR5: 副手装备 | AS5: 身体装备 | AT5: 奇物 | AW5: 主手装备 | AX5: 副手装备 | AY5: 身体装备 | AZ5: 奇物 | BC5: 道具id | BD5: 出现概率 | BE5: 道具id | BF5: 出现概率 | BG5: 道具id | BH5: 出现概率
B6: 65001 | C6: 地精盾刀手 | D6: 31001 | E6: =IF(D6="","",IFERROR(VLOOKUP(D6,[1]角色_种族_敌方!B:C,2,FALSE),"ERROR")) -> 地精 | F6: =H6+J6 -> 1 | G6: 战士 | H6: 1 | K6: 50 | L6: 骰子生命值 | M6: 2&6 | N6: 0 | O6: 8 | P6: 14 | Q6: 10 | R6: 10 | S6: 8 | T6: 8 | U6: 无&0 | V6: 15 | W6: 5 | X6: 2 | AE6: 41201 | AF6: 40501 | AG6: 40201 | AK6: 40701 | AL6: 40501 | AM6: 40201 | AQ6: =IF(AE6=0,"无",IFERROR(VLOOKUP(AE6,[1]角色_装备!B:C,2,FALSE),"ERROR")) -> 镰刀 | AR6: =IF(AF6=0,"无",IFERROR(VLOOKUP(AF6,[1]角色_装备!B:C,2,FALSE),"ERROR")) -> 盾牌 | AS6: =IF(AG6=0,"无",IFERROR(VLOOKUP(AG6,[1]角色_装备!B:C,2,FALSE),"ERROR")) -> 布甲 | AW6: =IF(AK6=0,"无",IFERROR(VLOOKUP(AK6,[1]角色_装备!B:C,2,FALSE),"ERROR")) -> 匕首 | AX6: =IF(AL6=0,"无",IFERROR(VLOOKUP(AL6,[1]角色_装备!B:C,2,FALSE),"ERROR")) -> 盾牌 | AY6: =IF(AM6=0,"无",IFERROR(VLOOKUP(AM6,[1]角色_装备!B:C,2,FALSE),"ERROR")) -> 布甲
B7: 65002 | C7: 地精长矛手 | D7: 31001 | E7: =IF(D7="","",IFERROR(VLOOKUP(D7,[1]角色_种族_敌方!B:C,2,FALSE),"ERROR")) -> 地精 | F7: =H7+J7 -> 1 | G7: 战士 | H7: 1 | K7: 50 | L7: 骰子生命值 | M7: 2&6 | N7: 0 | O7: 8 | P7: 14 | Q7: 10 | R7: 10 | S7: 8 | T7: 8 | U7: 无&0 | V7: 13 | W7: 5 | X7: 2 | AE7: 41301 | AF7: 0 | AG7: 40201 | AK7: 41101 | AL7: 0 | AM7: 40201 | AQ7: =IF(AE7=0,"无",IFERROR(VLOOKUP(AE7,[1]角色_装备!B:C,2,FALSE),"ERROR")) -> 矛 | AR7: =IF(AF7=0,"无",IFERROR(VLOOKUP(AF7,[1]角色_装备!B:C,2,FALSE),"ERROR")) -> 无 | AS7: =IF(AG7=0,"无",IFERROR(VLOOKUP(AG7,[1]角色_装备!B:C,2,FALSE),"ERROR")) -> 布甲 | AW7: =IF(AK7=0,"无",IFERROR(VLOOKUP(AK7,[1]角色_装备!B:C,2,FALSE),"ERROR")) -> 长棍 | AX7: =IF(AL7=0,"无",IFERROR(VLOOKUP(AL7,[1]角色_装备!B:C,2,FALSE),"ERROR")) -> 无 | AY7: =IF(AM7=0,"无",IFERROR(VLOOKUP(AM7,[1]角色_装备!B:C,2,FALSE),"ERROR")) -> 布甲
B8: 65003 | C8: 地精弓箭手 | D8: 31001 | E8: =IF(D8="","",IFERROR(VLOOKUP(D8,[1]角色_种族_敌方!B:C,2,FALSE),"ERROR")) -> 地精 | F8: =H8+J8 -> 1 | G8: 游侠 | H8: 1 | K8: 50 | L8: 骰子生命值 | M8: 2&6 | N8: 0 | O8: 8 | P8: 14 | Q8: 10 | R8: 10 | S8: 8 | T8: 8 | U8: 无&0 | V8: 12 | W8: 5 | X8: 2 | AE8: 41601 | AF8: 0 | AG8: 0 | AK8: 41501 | AL8: 0 | AM8: 0 | AQ8: =IF(AE8=0,"无",IFERROR(VLOOKUP(AE8,[1]角色_装备!B:C,2,FALSE),"ERROR")) -> 短弓 | AR8: =IF(AF8=0,"无",IFERROR(VLOOKUP(AF8,[1]角色_装备!B:C,2,FALSE),"ERROR")) -> 无 | AS8: =IF(AG8=0,"无",IFERROR(VLOOKUP(AG8,[1]角色_装备!B:C,2,FALSE),"ERROR")) -> 无 | AW8: =IF(AK8=0,"无",IFERROR(VLOOKUP(AK8,[1]角色_装备!B:C,2,FALSE),"ERROR")) -> 飞镖 | AX8: =IF(AL8=0,"无",IFERROR(VLOOKUP(AL8,[1]角色_装备!B:C,2,FALSE),"ERROR")) -> 无 | AY8: =IF(AM8=0,"无",IFERROR(VLOOKUP(AM8,[1]角色_装备!B:C,2,FALSE),"ERROR")) -> 无
B9: 65004 | C9: 地精双刀手 | D9: 31001 | E9: =IF(D9="","",IFERROR(VLOOKUP(D9,[1]角色_种族_敌方!B:C,2,FALSE),"ERROR")) -> 地精 | F9: =H9+J9 -> 1 | G9: 游荡者 | H9: 1 | K9: 50 | L9: 骰子生命值 | M9: 2&6 | N9: 0 | O9: 8 | P9: 14 | Q9: 10 | R9: 10 | S9: 8 | T9: 8 | U9: 无&0 | V9: 13 | W9: 5 | X9: 2 | AE9: 42501 | AF9: 40701 | AG9: 40201 | AK9: 42501 | AL9: 41201 | AM9: 40201 | AQ9: =IF(AE9=0,"无",IFERROR(VLOOKUP(AE9,[1]角色_装备!B:C,2,FALSE),"ERROR")) -> 弯刀 | AR9: =IF(AF9=0,"无",IFERROR(VLOOKUP(AF9,[1]角色_装备!B:C,2,FALSE),"ERROR")) -> 匕首 | AS9: =IF(AG9=0,"无",IFERROR(VLOOKUP(AG9,[1]角色_装备!B:C,2,FALSE),"ERROR")) -> 布甲 | AW9: =IF(AK9=0,"无",IFERROR(VLOOKUP(AK9,[1]角色_装备!B:C,2,FALSE),"ERROR")) -> 弯刀 | AX9: =IF(AL9=0,"无",IFERROR(VLOOKUP(AL9,[1]角色_装备!B:C,2,FALSE),"ERROR")) -> 镰刀 | AY9: =IF(AM9=0,"无",IFERROR(VLOOKUP(AM9,[1]角色_装备!B:C,2,FALSE),"ERROR")) -> 布甲
B10: 65005 | C10: 地精军阀 | D10: 31001 | E10: =IF(D10="","",IFERROR(VLOOKUP(D10,[1]角色_种族_敌方!B:C,2,FALSE),"ERROR")) -> 地精 | F10: =H10+J10 -> 4 | G10: 战士 | H10: 4 | K10: 200 | L10: 骰子生命值 | M10: 6&6 | N10: 0 | O10: 10 | P10: 14 | Q10: 10 | R10: 10 | S10: 8 | T10: 10 | U10: 无&0 | V10: 18 | W10: 5 | X10: 2 | AE10: 42501 | AF10: 40501 | AG10: 40402 | AK10: 41701 | AL10: 40501 | AM10: 40402 | AQ10: =IF(AE10=0,"无",IFERROR(VLOOKUP(AE10,[1]角色_装备!B:C,2,FALSE),"ERROR")) -> 弯刀 | AR10: =IF(AF10=0,"无",IFERROR(VLOOKUP(AF10,[1]角色_装备!B:C,2,FALSE),"ERROR")) -> 盾牌 | AS10: =IF(AG10=0,"无",IFERROR(VLOOKUP(AG10,[1]角色_装备!B:C,2,FALSE),"ERROR")) -> 链甲 | AW10: =IF(AK10=0,"无",IFERROR(VLOOKUP(AK10,[1]角色_装备!B:C,2,FALSE),"ERROR")) -> 战斧 | AX10: =IF(AL10=0,"无",IFERROR(VLOOKUP(AL10,[1]角色_装备!B:C,2,FALSE),"ERROR")) -> 盾牌 | AY10: =IF(AM10=0,"无",IFERROR(VLOOKUP(AM10,[1]角色_装备!B:C,2,FALSE),"ERROR")) -> 链甲
B11: 65006 | C11: 熊地精 | D11: 31002 | E11: =IF(D11="","",IFERROR(VLOOKUP(D11,[1]角色_种族_敌方!B:C,2,FALSE),"ERROR")) -> 类地精 | F11: =H11+J11 -> 3 | G11: 战士 | H11: 3 | K11: 700 | L11: 骰子生命值 | M11: 5&8 | N11: 0 | O11: 17 | P11: 14 | Q11: 14 | R11: 8 | S11: 12 | T11: 11 | U11: 无&0 | V11: 14 | W11: 6 | X11: 2 | Y11: 50018 | AE11: 42201 | AF11: 0 | AG11: 40402 | AK11: 42201 | AL11: 0 | AM11: 40401 | AQ11: =IF(AE11=0,"无",IFERROR(VLOOKUP(AE11,[1]角色_装备!B:C,2,FALSE),"ERROR")) -> 巨锤 | AR11: =IF(AF11=0,"无",IFERROR(VLOOKUP(AF11,[1]角色_装备!B:C,2,FALSE),"ERROR")) -> 无 | AS11: =IF(AG11=0,"无",IFERROR(VLOOKUP(AG11,[1]角色_装备!B:C,2,FALSE),"ERROR")) -> 链甲 | AW11: =IF(AK11=0,"无",IFERROR(VLOOKUP(AK11,[1]角色_装备!B:C,2,FALSE),"ERROR")) -> 巨锤 | AX11: =IF(AL11=0,"无",IFERROR(VLOOKUP(AL11,[1]角色_装备!B:C,2,FALSE),"ERROR")) -> 无 | AY11: =IF(AM11=0,"无",IFERROR(VLOOKUP(AM11,[1]角色_装备!B:C,2,FALSE),"ERROR")) -> 环甲
