Workbook

Sheet Sheet1
A1: ##var | B1: id | C1: name | D1: race | E1: creature_type | F1: body_type | G1: proficiency | H1: attribute_preset | T1: ##能力表索引
A2: ##type | B2: int | C2: string | D2: Character.EmRace | E2: Character.EmCreatureType | F2: Character.EmBodyType | G2: Character.EmEquipType | H2: Character.AttributePreset
A3: ##type | H3: abilityScores | N3: resistance | O3: armourClass | P3: movement | Q3: initiative | R3: abilities
A4: ##type | H4: Strength | I4: Dexterity | J4: Constitution | K4: Intelligent | L4: Wisdom | M4: Charisma
A5: ## | B5: 唯一id | C5: 名称 | D5: 种族 | E5: 类别 | F5: 体型 | G5: 装备熟练 | H5: 力量 | I5: 敏捷 | J5: 体质 | K5: 智力 | L5: 感知 | M5: 魅力 | N5: 伤害抗性 | O5: 护甲等级 | P5: 移动力 | Q5: 先攻 | R5: 能力表
B6: 30001 | C6: 人类 | D6: 人类 | E6: 类人 | F6: 中型 | G6: 简易武器|轻甲|中甲 | H6: 1 | I6: 1 | J6: 1 | K6: 1 | L6: 1 | M6: 1 | N6: 无&0 | O6: 10 | P6: 6 | Q6: 0 | T6: =IF(R6="","",IFERROR(VLOOKUP(R6,[1]角色_能力!B:C,2,FALSE),"ERROR")) | U6: =IF(S6="","",IFERROR(VLOOKUP(S6,[1]角色_能力!B:C,2,FALSE),"ERROR"))
B7: 30002 | C7: 丘陵矮人 | D7: 矮人 | E7: 类人 | F7: 中型 | G7: 简易武器|中甲|重甲|战斧|战锤 | H7: 0 | I7: 0 | J7: 2 | K7: 0 | L7: 2 | M7: 0 | N7: 毒素&0.5 | O7: 10 | P7: 5 | Q7: 0 | R7: 50011 | T7: =IF(R7="","",IFERROR(VLOOKUP(R7,[1]角色_能力!B:C,2,FALSE),"ERROR")) -> 矮人坚韧 | U7: =IF(S7="","",IFERROR(VLOOKUP(S7,[1]角色_能力!B:C,2,FALSE),"ERROR"))
B8: 30003 | C8: 高山矮人 | D8: 矮人 | E8: 类人 | F8: 中型 | G8: 简易武器|中甲|重甲|战斧|战锤 | H8: 2 | I8: 0 | J8: 2 | K8: 0 | L8: 0 | M8: 0 | N8: 毒素&0.5 | O8: 10 | P8: 5 | Q8: 0 | R8: 50011 | T8: =IF(R8="","",IFERROR(VLOOKUP(R8,[1]角色_能力!B:C,2,FALSE),"ERROR")) -> 矮人坚韧 | U8: =IF(S8="","",IFERROR(VLOOKUP(S8,[1]角色_能力!B:C,2,FALSE),"ERROR"))
B9: 30004 | C9: 木精灵 | D9: 精灵 | E9: 类人 | F9: 中型 | G9: 简易武器|短弓|长弓 | H9: 0 | I9: 2 | J9: 0 | K9: 0 | L9: 1 | M9: 0 | N9: 无&0 | O9: 10 | P9: 7 | Q9: 0 | T9: =IF(R9="","",IFERROR(VLOOKUP(R9,[1]角色_能力!B:C,2,FALSE),"ERROR")) | U9: =IF(S9="","",IFERROR(VLOOKUP(S9,[1]角色_能力!B:C,2,FALSE),"ERROR"))
B10: 30005 | C10: 高精灵 | D10: 精灵 | E10: 类人 | F10: 中型 | G10: 简易武器 | H10: 0 | I10: 2 | J10: 0 | K10: 0 | L10: 1 | M10: 0 | N10: 无&0 | O10: 10 | P10: 7 | Q10: 0 | R10: 51201 | S10: 51202 | T10: =IF(R10="","",IFERROR(VLOOKUP(R10,[1]角色_能力!B:C,2,FALSE),"ERROR")) -> 冷冻射线 | U10: =IF(S10="","",IFERROR(VLOOKUP(S10,[1]角色_能力!B:C,2,FALSE),"ERROR")) -> 火焰箭
B11: 30006 | C11: 半身人 | D11: 半身人 | E11: 类人 | F11: 小型 | G11: 简易武器 | H11: 0 | I11: 2 | J11: 0 | K11: 0 | L11: 0 | M11: 1 | N11: 无&0 | O11: 10 | P11: 5 | Q11: 0 | R11: 50013 | T11: =IF(R11="","",IFERROR(VLOOKUP(R11,[1]角色_能力!B:C,2,FALSE),"ERROR")) -> 幸运 | U11: =IF(S11="","",IFERROR(VLOOKUP(S11,[1]角色_能力!B:C,2,FALSE),"ERROR"))
B12: 30007 | C12: 侏儒 | D12: 侏儒 | E12: 类人 | F12: 小型 | G12: 简易武器 | H12: 0 | I12: 1 | J12: 0 | K12: 2 | L12: 0 | M12: 0 | N12: 无&0 | O12: 10 | P12: 5 | Q12: 0 | R12: 50014 | T12: =IF(R12="","",IFERROR(VLOOKUP(R12,[1]角色_能力!B:C,2,FALSE),"ERROR")) -> 侏儒狡黠 | U12: =IF(S12="","",IFERROR(VLOOKUP(S12,[1]角色_能力!B:C,2,FALSE),"ERROR"))
B13: 30008 | C13: 半精灵 | D13: 半精灵 | E13: 类人 | F13: 中型 | G13: 简易武器|长剑|长弓 | H13: 0 | I13: 1 | J13: 0 | K13: 1 | L13: 0 | M13: 2 | N13: 无&0 | O13: 10 | P13: 6 | Q13: 0 | T13: =IF(R13="","",IFERROR(VLOOKUP(R13,[1]角色_能力!B:C,2,FALSE),"ERROR")) | U13: =IF(S13="","",IFERROR(VLOOKUP(S13,[1]角色_能力!B:C,2,FALSE),"ERROR"))
B14: 30009 | C14: 龙裔 | D14: 龙裔 | E14: 类人 | F14: 中型 | G14: 简易武器 | H14: 2 | I14: 0 | J14: 0 | K14: 0 | L14: 0 | M14: 1 | N14: 无&0 | O14: 13 | P14: 6 | Q14: 0 | R14: 50015 | T14: =IF(R14="","",IFERROR(VLOOKUP(R14,[1]角色_能力!B:C,2,FALSE),"ERROR")) -> 吐息武器 | U14: =IF(S14="","",IFERROR(VLOOKUP(S14,[1]角色_能力!B:C,2,FALSE),"ERROR"))
B15: 30010 | C15: 半兽人 | D15: 半兽人 | E15: 类人 | F15: 中型 | G15: 简易武器 | H15: 2 | I15: 0 | J15: 1 | K15: 0 | L15: 0 | M15: 0 | N15: 无&0 | O15: 10 | P15: 6 | Q15: 0 | R15: 50012 | T15: =IF(R15="","",IFERROR(VLOOKUP(R15,[1]角色_能力!B:C,2,FALSE),"ERROR")) -> 凶蛮攻击 | U15: =IF(S15="","",IFERROR(VLOOKUP(S15,[1]角色_能力!B:C,2,FALSE),"ERROR"))
B16: 30011 | C16: 提夫林 | D16: 提夫林 | E16: 类人 | F16: 中型 | G16: 简易武器 | H16: 0 | I16: 0 | J16: 0 | K16: 1 | L16: 0 | M16: 2 | N16: 火焰&0.5 | O16: 10 | P16: 6 | Q16: 0 | R16: 50016 | T16: =IF(R16="","",IFERROR(VLOOKUP(R16,[1]角色_能力!B:C,2,FALSE),"ERROR")) -> 炼狱叱喝 | U16: =IF(S16="","",IFERROR(VLOOKUP(S16,[1]角色_能力!B:C,2,FALSE),"ERROR"))
